{"accuracy": [0.1587499976158142, 0.20624999701976776, 0.3700000047683716, 0.5112500190734863, 0.6600000262260437, 0.7674999833106995, 0.8374999761581421, 0.9012500047683716, 0.9362499713897705, 0.9312499761581421, 0.9524999856948853, 0.9587500095367432, 0.9649999737739563, 0.9912499785423279, 0.9574999809265137, 0.9674999713897705, 0.9762499928474426, 0.9850000143051147, 0.9850000143051147, 0.9762499928474426, 0.9700000286102295, 0.9887499809265137, 0.9937499761581421, 0.9950000047683716, 0.9837499856948853, 0.9549999833106995, 0.987500011920929, 0.9787499904632568, 0.9850000143051147, 0.9837499856948853], "loss": [2.1214473247528076, 1.899237036705017, 1.6051781177520752, 1.1927684545516968, 0.9031758904457092, 0.6550741791725159, 0.44893360137939453, 0.3073824346065521, 0.18126842379570007, 0.2240823358297348, 0.150951087474823, 0.1583280712366104, 0.11042733490467072, 0.06887046992778778, 0.1483462154865265, 0.12180270999670029, 0.08415313810110092, 0.06128722056746483, 0.06510879844427109, 0.12268079817295074, 0.1240156814455986, 0.045030832290649414, 0.03441060706973076, 0.024476295337080956, 0.04500036686658859, 0.14085741341114044, 0.05536142736673355, 0.07054224610328674, 0.04355718195438385, 0.03709337115287781], "val_accuracy": [0.19750000536441803, 0.1887499988079071, 0.3487499952316284, 0.5475000143051147, 0.5887500047683716, 0.668749988079071, 0.6987500190734863, 0.7537500262260437, 0.7749999761581421, 0.7462499737739563, 0.7462499737739563, 0.7799999713897705, 0.7574999928474426, 0.7762500047683716, 0.7524999976158142, 0.7825000286102295, 0.7487499713897705, 0.7425000071525574, 0.7912499904632568, 0.7599999904632568, 0.7537500262260437, 0.7975000143051147, 0.7774999737739563, 0.762499988079071, 0.7574999928474426, 0.7637500166893005, 0.7749999761581421, 0.7462499737739563, 0.7599999904632568, 0.7574999928474426], "val_loss": [1.9749218225479126, 2.004335880279541, 1.5966280698776245, 1.2315597534179688, 1.223405361175537, 0.9648030996322632, 0.9295413494110107, 0.8454691171646118, 0.9877879619598389, 1.2553845643997192, 0.9612172842025757, 1.097697138786316, 1.4374526739120483, 1.3569979667663574, 1.144373893737793, 1.1522232294082642, 1.366896152496338, 1.3147425651550293, 1.2101519107818604, 1.163676381111145, 1.023848056793213, 1.400864839553833, 1.326170802116394, 1.3684611320495605, 1.5856777429580688, 1.5843157768249512, 1.5810142755508423, 1.490128993988037, 1.7338606119155884, 2.3449840545654297]}